DATE,USD_W,DT_W,V_W
1/1/2006,"15,915.00",64.21,539.7
8/1/2006,"15,905.00",63.92,556.1
15/01/2006,"15,914.00",68.35,553.5
22/01/2006,"15,918.00",67.76,558.7
29/01/2006,"15,930.00",65.37,567.4
5/2/2006,"15,921.50",61.84,550.2
12/2/2006,"15,929.00",59.88,551.8
19/02/2006,"15,910.50",62.91,558.8
26/02/2006,"15,908.00",63.67,566
5/3/2006,"15,910.00",59.96,539.9
12/3/2006,"15,911.00",62.77,554.1
19/03/2006,"15,921.00",64.26,560
26/03/2006,"15,925.00",66.63,581.8
2/4/2006,"15,928.00",67.39,588.4
9/4/2006,"15,927.00",69.32,596.5
16/04/2006,"15,935.00",75.17,632.2
23/04/2006,"15,942.50",71.88,651.8
30/04/2006,"15,970.00",70.19,682.2
7/5/2006,"15,979.50",72.04,710.3
14/05/2006,"15,967.50",68.53,656.7
21/05/2006,"15,971.50",71.37,650.9
28/05/2006,"15,966.00",72.33,635.5
4/6/2006,"15,976.00",71.63,608.2
11/6/2006,"15,983.00",69.88,578
18/06/2006,"15,997.00",70.87,584.8
25/06/2006,"15,996.00",73.93,613.5
2/7/2006,"15,995.00",74.09,632.8
9/7/2006,"15,993.00",77.03,666.6
16/07/2006,"15,997.00",74.43,619.6
23/07/2006,"16,005.00",73.24,634.8
30/07/2006,"16,006.00",74.76,644
6/8/2006,"16,002.00",74.35,633.5
13/08/2006,"16,005.00",71.14,612.1
20/08/2006,"16,012.00",72.51,622
27/08/2006,"16,010.00",69.19,624.4
3/9/2006,"16,022.00",66.25,609.6
10/9/2006,"16,035.00",63.33,576.4
17/09/2006,"16,040.00",60.55,589.4
24/09/2006,"16,050.00",62.91,598.6
1/10/2006,"16,054.00",59.76,572.4
8/10/2006,"16,054.00",58.57,588.8
15/10/2006,"16,070.00",56.82,593
22/10/2006,"16,070.00",60.75,598.2
29/10/2006,"16,081.00",59.14,626.9
5/11/2006,"16,090.00",59.59,628.4
12/11/2006,"16,098.00",55.81,621.5
19/11/2006,"16,083.00",59.24,628.7
26/11/2006,"16,072.00",63.43,644.7
3/12/2006,"16,067.00",62.03,626.1
10/12/2006,"16,080.00",63.43,615
17/12/2006,"16,061.00",62.41,619.1
24/12/2006,"16,056.00",61.05,635.2
31/12/2006,"16,050.00",56.31,604.9
7/1/2007,"16,060.00",52.99,625.5
14/01/2007,"16,060.00",51.99,635.5
21/01/2007,"16,045.00",55.42,644.5
28/01/2007,"16,050.00",59.02,646.2
4/2/2007,"15,987.00",59.89,667.5
11/2/2007,"15,980.00",59.39,668.8
18/02/2007,"15,981.00",61.14,683.1
25/02/2007,"15,998.00",61.64,641.5
4/3/2007,"16,010.00",60.05,650
11/3/2007,"16,029.00",57.11,652.6
18/03/2007,"16,012.50",62.28,656.7
25/03/2007,"16,015.00",65.87,663
1/4/2007,"16,027.00",64.28,674.2
8/4/2007,"16,044.00",63.63,685.4
15/04/2007,"16,045.00",63.38,692
22/04/2007,"16,053.00",66.46,678.7
29/04/2007,"16,050.00",61.93,687.2
6/5/2007,"16,039.00",62.37,670.6
13/05/2007,"16,057.00",64.94,661
20/05/2007,"16,064.50",65.2,655.1
27/05/2007,"16,092.00",65.08,671.2
3/6/2007,"16,101.50",64.76,645.5
10/6/2007,"16,122.50",68,654.5
17/06/2007,"16,120.00",69.14,653.5
24/06/2007,"16,131.00",70.68,648.1
1/7/2007,"16,129.50",72.81,652.7
8/7/2007,"16,133.00",73.93,665.8
15/07/2007,"16,137.00",75.57,683.9
22/07/2007,"16,140.00",77.02,660
29/07/2007,"16,161.00",75.48,672.5
5/8/2007,"16,181.00",71.47,670.3
12/8/2007,"16,250.00",71.98,656.9
19/08/2007,"16,235.00",71.09,668
26/08/2007,"16,240.00",74.04,673
2/9/2007,"16,240.00",76.7,700.8
9/9/2007,"16,230.00",79.1,709.6
16/09/2007,"16,170.00",81.62,731.4
23/09/2007,"16,080.00",81.66,742.8
30/09/2007,"16,078.00",81.22,741.3
7/10/2007,"16,060.00",83.69,748.7
14/10/2007,"16,080.00",88.6,764
21/10/2007,"16,086.00",91.86,783.9
28/10/2007,"16,065.00",95.93,805.7
4/11/2007,"16,070.00",96.32,832.5
11/11/2007,"16,066.00",95.1,785.7
18/11/2007,"16,051.50",98.18,824
25/11/2007,"16,040.00",88.71,782.2
2/12/2007,"16,035.00",88.28,794.4
9/12/2007,"16,040.00",91.27,793.3
16/12/2007,"16,035.00",93.31,811.6
23/12/2007,"16,020.00",96,839.6
30/12/2007,"15,985.00",97.91,863.1
6/1/2008,"15,980.00",92.69,896.1
13/01/2008,"15,983.00",90.57,880.8
20/01/2008,"15,970.00",90.71,910.5
27/01/2008,"15,970.00",88.96,908.7
3/2/2008,"15,960.00",91.77,918.4
10/2/2008,"15,955.00",95.5,902.8
17/02/2008,"15,940.00",98.81,944.7
24/02/2008,"15,930.50",101.84,972.1
2/3/2008,"15,912.50",105.15,972.2
9/3/2008,"15,863.00",110.21,998.2
16/03/2008,"15,822.50",101.84,919.6
23/03/2008,"16,115.00",105.62,930.6
30/03/2008,"16,115.00",106.23,909
6/4/2008,"16,116.00",110.14,923.6
13/04/2008,"16,114.00",116.69,912.2
20/04/2008,"16,118.50",118.52,887.2
27/04/2008,"16,129.00",116.32,856.1
4/5/2008,"16,146.00",125.96,884.5
11/5/2008,"16,160.50",126.29,899
18/05/2008,"16,199.00",132.19,925.6
25/05/2008,"16,246.00",127.35,887.3
1/6/2008,"16,284.00",138.54,895.4
8/6/2008,"16,611.00",134.86,870.3
15/06/2008,"16,612.00",134.62,901.3
22/06/2008,"16,845.00",140.21,929.3
29/06/2008,"16,847.50",145.29,931.9
6/7/2008,"16,841.50",145.08,959.5
13/07/2008,"16,775.00",128.88,957.3
20/07/2008,"16,775.00",123.26,926.6
27/07/2008,"16,765.00",125.1,909
3/8/2008,"16,540.00",115.2,857.8
10/8/2008,"16,600.00",113.77,786
17/08/2008,"16,590.00",114.59,827.4
24/08/2008,"16,525.00",115.46,829.3
31/08/2008,"16,590.00",106.23,797.6
7/9/2008,"16,590.00",101.18,760.3
14/09/2008,"16,725.00",104.55,860.6
21/09/2008,"16,590.00",106.89,882.9
28/09/2008,"16,590.00",93.88,828.9
5/10/2008,"16,580.00",77.7,855.4
12/10/2008,"16,600.00",71.85,785.1
19/10/2008,"16,838.00",64.15,729.1
26/10/2008,"16,900.00",67.81,716.8
2/11/2008,"16,964.00",61.04,733.2
9/11/2008,"16,987.00",57.04,742.4
16/11/2008,"16,972.00",49.93,791.7
23/11/2008,"16,972.00",54.43,816.2
30/11/2008,"16,981.00",40.81,750.5
7/12/2008,"17,050.00",46.28,818.9
14/12/2008,"16,989.50",33.87,836.4
21/12/2008,"17,472.00",37.71,870.4
28/12/2008,"17,479.00",46.34,878.8
4/1/2009,"17,476.00",40.83,854.3
11/1/2009,"17,478.50",36.51,839.3
18/01/2009,"17,477.00",46.47,895.3
25/01/2009,"17,484.50",41.68,927.3
1/2/2009,"17,484.50",40.17,913.9
8/2/2009,"17,484.00",37.51,941.5
15/02/2009,"17,481.50",38.94,"1,001.80"
22/02/2009,"17,480.50",44.76,941.5
1/3/2009,"17,481.00",45.52,942.1
8/3/2009,"17,483.00",46.25,929.8
15/03/2009,"17,487.50",51.06,955.8
22/03/2009,"17,789.50",52.38,923
29/03/2009,"17,779.00",52.51,895.6
5/4/2009,"17,773.00",52.24,882.2
12/4/2009,"17,782.50",50.33,867.4
19/04/2009,"17,773.00",51.55,913.6
26/04/2009,"17,781.50",53.2,887.6
3/5/2009,"17,775.00",58.63,914.4
10/5/2009,"17,783.00",56.34,930.9
17/05/2009,"17,782.00",61.67,958.5
24/05/2009,"17,775.00",66.31,978.8
31/05/2009,"17,790.50",68.44,961.7
7/6/2009,"17,793.50",72.04,940.1
14/06/2009,"17,800.50",69.55,935.6
21/06/2009,"17,801.50",69.16,940.7
28/06/2009,"17,795.50",66.73,930.7
5/7/2009,"17,805.50",59.89,912.2
12/7/2009,"17,808.50",63.56,937.2
19/07/2009,"17,811.50",68.05,952.8
26/07/2009,"17,813.50",69.45,953.7
2/8/2009,"17,813.00",70.93,957.3
9/8/2009,"17,812.50",67.51,947
16/08/2009,"17,814.00",73.89,953.2
23/08/2009,"17,815.50",72.74,957
30/08/2009,"17,821.50",68.02,994.9
6/9/2009,"17,825.50",69.29,"1,004.90"
13/09/2009,"17,834.00",72.04,"1,009.20"
20/09/2009,"17,837.00",66.02,990.2
27/09/2009,"17,839.00",69.95,"1,003.20"
4/10/2009,"17,844.00",71.77,"1,047.80"
11/10/2009,"17,900.00",78.53,"1,050.70"
18/10/2009,"17,915.00",80.5,"1,055.60"
25/10/2009,"17,940.00",77,"1,039.70"
1/11/2009,"17,870.00",77.43,"1,095.10"
8/11/2009,"17,869.50",76.35,"1,116.10"
15/11/2009,"17,920.00",76.72,"1,146.40"
22/11/2009,"18,391.00",76.05,"1,174.20"
29/11/2009,"18,380.50",75.47,"1,168.80"
6/12/2009,"18,376.50",69.87,"1,119.40"
13/12/2009,"18,476.50",73.36,"1,110.80"
20/12/2009,"18,472.00",78.05,"1,104.10"
27/12/2009,"18,474.00",79.36,"1,095.20"
3/1/2010,"18,474.00",82.75,"1,138.20"
10/1/2010,"18,469.50",78,"1,130.10"
17/01/2010,"18,474.00",74.54,"1,089.20"
24/01/2010,"18,474.00",72.89,"1,083.00"
31/01/2010,"18,474.00",71.19,"1,052.20"
7/2/2010,"18,900.00",74.13,"1,089.50"
14/02/2010,"18,850.00",79.81,"1,121.30"
21/02/2010,"19,050.00",79.66,"1,118.30"
28/02/2010,"18,890.00",81.5,"1,134.80"
7/3/2010,"18,895.00",81.24,"1,101.50"
14/03/2010,"18,890.00",80.68,"1,107.40"
21/03/2010,"19,085.00",80,"1,104.20"
28/03/2010,"19,080.00",84.87,"1,125.10"
4/4/2010,"19,050.00",84.92,"1,161.10"
11/4/2010,"18,975.00",83.24,"1,136.30"
18/04/2010,"18,980.00",85.12,"1,153.10"
25/04/2010,"18,975.00",86.15,"1,180.10"
2/5/2010,"19,000.00",75.11,"1,210.00"
9/5/2010,"19,025.00",71.61,"1,227.40"
16/05/2010,"18,995.00",70.04,"1,175.70"
23/05/2010,"18,990.00",73.97,"1,212.20"
30/05/2010,"18,980.00",71.51,"1,216.20"
6/6/2010,"18,975.00",73.78,"1,228.90"
13/06/2010,"19,000.00",77.18,"1,257.20"
20/06/2010,"18,995.00",78.86,"1,255.80"
27/06/2010,"19,077.50",72.14,"1,207.40"
4/7/2010,"19,095.00",76.09,"1,209.60"
11/7/2010,"19,092.50",76.01,"1,188.00"
18/07/2010,"19,097.50",78.98,"1,187.70"
25/07/2010,"19,075.00",78.95,"1,181.70"
1/8/2010,"19,095.00",80.7,"1,203.40"
8/8/2010,"19,270.00",75.39,"1,214.90"
15/08/2010,"19,480.00",73.46,"1,227.20"
22/08/2010,"19,480.00",75.17,"1,236.00"
29/08/2010,"19,485.00",74.6,"1,249.20"
5/9/2010,"19,490.00",76.45,"1,244.50"
12/9/2010,"19,495.00",73.66,"1,275.60"
19/09/2010,"19,490.00",76.49,"1,296.00"
26/09/2010,"19,490.00",81.58,"1,316.10"
3/10/2010,"19,497.50",82.66,"1,344.20"
10/10/2010,"19,498.50",81.25,"1,371.10"
17/10/2010,"19,485.00",81.69,"1,324.40"
24/10/2010,"19,490.00",81.43,"1,357.10"
31/10/2010,"19,495.00",86.85,"1,397.30"
7/11/2010,"19,495.00",84.88,"1,365.40"
14/11/2010,"19,495.00",81.51,"1,352.20"
21/11/2010,"19,497.50",83.76,"1,362.30"
28/11/2010,"19,499.00",89.19,"1,405.40"
5/12/2010,"19,495.00",87.79,"1,384.30"
12/12/2010,"19,497.50",88.02,"1,378.60"
19/12/2010,"19,499.00",91.51,"1,380.00"
26/12/2010,"19,497.50",91.38,"1,421.10"
2/1/2011,"19,499.00",88.03,"1,368.50"
9/1/2011,"19,497.50",91.54,"1,360.40"
16/01/2011,"19,497.50",89.11,"1,341.00"
23/01/2011,"19,497.50",89.34,"1,340.70"
30/01/2011,"19,495.00",89.03,"1,348.30"
6/2/2011,"20,800.00",85.58,"1,359.90"
13/02/2011,"20,882.50",86.2,"1,388.20"
20/02/2011,"20,887.50",97.88,"1,408.70"
27/02/2011,"20,835.00",104.42,"1,428.20"
6/3/2011,"20,872.50",101.16,"1,421.50"
13/03/2011,"20,855.00",101.07,"1,415.90"
20/03/2011,"20,875.00",105.4,"1,426.10"
27/03/2011,"20,912.50",107.94,"1,428.10"
3/4/2011,"20,830.00",112.79,"1,473.40"
10/4/2011,"20,892.50",109.66,"1,485.30"
17/04/2011,"20,865.00",112.29,"1,503.20"
24/04/2011,"20,645.00",113.93,"1,556.00"
1/5/2011,"20,620.00",97.18,"1,491.20"
8/5/2011,"20,610.00",99.65,"1,493.40"
15/05/2011,"20,750.00",99.49,"1,508.80"
22/05/2011,"20,580.00",100.59,"1,536.30"
29/05/2011,"20,555.00",100.22,"1,541.70"
5/6/2011,"20,550.00",99.29,"1,528.60"
12/6/2011,"20,750.00",93.01,"1,538.60"
19/06/2011,"20,575.00",91.16,"1,500.50"
26/06/2011,"20,585.00",94.94,"1,482.30"
3/7/2011,"20,590.00",96.2,"1,541.20"
10/7/2011,"20,575.00",97.24,"1,589.80"
17/07/2011,"20,600.00",99.87,"1,601.30"
24/07/2011,"20,595.00",95.7,"1,628.30"
31/07/2011,"20,585.00",86.88,"1,648.80"
7/8/2011,"20,817.00",85.38,"1,740.20"
14/08/2011,"20,800.00",82.26,"1,848.90"
21/08/2011,"20,832.00",85.37,"1,794.10"
28/08/2011,"20,832.00",86.45,"1,873.70"
4/9/2011,"20,817.00",87.24,"1,856.40"
11/9/2011,"20,832.00",87.96,"1,812.10"
18/09/2011,"20,897.50",79.85,"1,637.50"
25/09/2011,"20,829.50",79.2,"1,620.40"
2/10/2011,"20,817.00",82.98,"1,634.50"
9/10/2011,"20,893.00",86.8,"1,681.80"
16/10/2011,"20,953.00",87.4,"1,635.10"
23/10/2011,"20,925.00",93.32,"1,746.20"
30/10/2011,"21,008.00",94.26,"1,755.30"
6/11/2011,"21,009.50",98.99,"1,787.50"
13/11/2011,"21,005.50",97.41,"1,724.70"
20/11/2011,"21,005.50",96.77,"1,685.50"
27/11/2011,"21,005.50",100.96,"1,747.00"
4/12/2011,"21,005.50",99.41,"1,712.80"
11/12/2011,"21,020.50",93.53,"1,595.60"
18/12/2011,"21,016.00",99.68,"1,604.70"
25/12/2011,"21,033.50",98.83,"1,565.80"
1/1/2012,"21,033.50",101.56,"1,616.10"
8/1/2012,"21,033.50",98.7,"1,630.40"
15/01/2012,"20,870.00",98.46,"1,663.70"
22/01/2012,"20,900.00",99.56,"1,731.80"
29/01/2012,"20,975.00",97.84,"1,737.90"
5/2/2012,"20,895.00",98.67,"1,723.30"
12/2/2012,"20,825.00",103.24,"1,724.50"
19/02/2012,"20,840.00",109.77,"1,775.10"
26/02/2012,"20,830.00",106.7,"1,708.80"
4/3/2012,"20,830.00",107.4,"1,710.90"
11/3/2012,"20,820.00",107.06,"1,655.50"
18/03/2012,"20,885.00",106.87,"1,662.30"
25/03/2012,"20,850.00",103.02,"1,669.30"
1/4/2012,"20,830.00",103.31,"1,628.50"
8/4/2012,"20,825.00",102.83,"1,659.10"
15/04/2012,"20,850.00",103.05,"1,642.10"
22/04/2012,"20,865.00",104.93,"1,664.00"
29/04/2012,"20,850.00",98.49,"1,644.70"
6/5/2012,"20,845.00",96.13,"1,583.60"
13/05/2012,"20,850.00",91.48,"1,591.60"
20/05/2012,"20,860.00",90.86,"1,568.80"
27/05/2012,"20,865.00",83.23,"1,620.50"
3/6/2012,"20,985.00",84.1,"1,590.10"
10/6/2012,"20,960.00",84.03,"1,627.00"
17/06/2012,"20,905.00",79.76,"1,566.00"
24/06/2012,"20,905.00",84.96,"1,603.50"
1/7/2012,"20,885.00",84.45,"1,578.40"
8/7/2012,"20,860.00",87.1,"1,591.60"
15/07/2012,"20,845.00",91.44,"1,582.50"
22/07/2012,"20,880.00",90.13,"1,617.90"
29/07/2012,"20,865.00",91.4,"1,606.00"
5/8/2012,"20,865.00",92.87,"1,619.70"
12/8/2012,"20,865.00",96.01,"1,616.30"
19/08/2012,"20,860.00",96.15,"1,669.80"
26/08/2012,"20,840.00",96.47,"1,684.60"
2/9/2012,"20,850.00",96.42,"1,737.50"
9/9/2012,"20,865.00",99,"1,769.80"
16/09/2012,"20,865.00",92.89,"1,775.50"
23/09/2012,"20,885.00",92.19,"1,771.10"
30/09/2012,"20,885.00",89.88,"1,778.60"
7/10/2012,"20,845.00",91.86,"1,758.00"
14/10/2012,"20,845.00",90.05,"1,722.80"
21/10/2012,"20,840.00",86.28,"1,710.90"
28/10/2012,"20,850.00",84.86,"1,674.10"
4/11/2012,"20,840.00",86.07,"1,730.30"
11/11/2012,"20,850.00",86.67,"1,714.30"
18/11/2012,"20,865.00",88.28,"1,751.30"
25/11/2012,"20,850.00",88.91,"1,710.90"
2/12/2012,"20,840.00",85.93,"1,704.00"
9/12/2012,"20,840.00",86.73,"1,695.80"
16/12/2012,"20,855.00",88.66,"1,659.10"
23/12/2012,"20,840.00",90.8,"1,654.90"
30/12/2012,"20,842.50",93.09,"1,648.10"
6/1/2013,"20,850.00",93.56,"1,660.00"
13/01/2013,"20,845.00",95.56,"1,686.60"
20/01/2013,"20,840.00",95.88,"1,656.40"
27/01/2013,"20,832.50",97.77,"1,669.40"
3/2/2013,"20,845.00",95.72,"1,666.00"
10/2/2013,"20,845.00",95.86,"1,608.80"
17/02/2013,"20,890.00",93.13,"1,572.40"
24/02/2013,"20,925.00",90.68,"1,571.90"
3/3/2013,"20,935.00",91.95,"1,576.60"
10/3/2013,"20,950.00",93.45,"1,592.50"
17/03/2013,"20,940.00",93.71,"1,606.20"
24/03/2013,"20,950.00",97.23,"1,594.80"
31/03/2013,"20,925.00",92.7,"1,575.40"
7/4/2013,"20,855.00",91.29,"1,501.00"
14/04/2013,"20,897.50",88.01,"1,395.30"
21/04/2013,"20,840.00",93,"1,453.60"
28/04/2013,"20,940.00",95.61,"1,464.30"
5/5/2013,"20,940.00",96.04,"1,436.80"
12/5/2013,"20,985.00",96.02,"1,364.90"
19/05/2013,"20,970.00",94.15,"1,386.80"
26/05/2013,"21,013.00",91.97,"1,392.60"
2/6/2013,"21,018.00",96.03,"1,383.00"
9/6/2013,"21,003.00",97.85,"1,387.30"
16/06/2013,"21,035.50",93.69,"1,291.60"
23/06/2013,"21,205.00",96.56,"1,223.80"
30/06/2013,"21,238.00",103.22,"1,212.90"
7/7/2013,"21,223.00",105.95,"1,277.80"
14/07/2013,"21,223.00",108.05,"1,293.30"
21/07/2013,"21,213.00",104.7,"1,321.70"
28/07/2013,"21,135.00",106.94,"1,310.60"
4/8/2013,"21,100.00",105.97,"1,312.90"
11/8/2013,"21,097.50",107.46,"1,371.70"
18/08/2013,"21,160.00",106.42,"1,395.70"
25/08/2013,"21,155.00",107.65,"1,396.10"
1/9/2013,"21,155.00",110.53,"1,386.70"
8/9/2013,"21,115.00",108.21,"1,308.40"
15/09/2013,"21,110.00",104.68,"1,332.50"
22/09/2013,"21,113.50",102.87,"1,338.40"
29/09/2013,"21,120.00",103.84,"1,309.70"
6/10/2013,"21,100.00",102.02,"1,268.00"
13/10/2013,"21,115.00",100.81,"1,314.40"
20/10/2013,"21,097.50",97.85,"1,352.40"
27/10/2013,"21,100.00",94.61,"1,313.10"
3/11/2013,"21,100.00",94.6,"1,284.50"
10/11/2013,"21,100.00",93.84,"1,287.30"
17/11/2013,"21,100.00",94.84,"1,244.00"
24/11/2013,"21,120.00",92.72,"1,250.60"
1/12/2013,"21,140.00",97.65,"1,230.30"
8/12/2013,"21,108.50",96.6,"1,235.70"
15/12/2013,"21,115.00",99.32,"1,205.10"
22/12/2013,"21,095.00",100.32,"1,216.10"
29/12/2013,"21,095.00",93.96,"1,238.40"
5/1/2014,"21,091.00",92.72,"1,246.70"
12/1/2014,"21,090.00",94.37,"1,251.70"
19/01/2014,"21,085.00",96.64,"1,264.50"
26/01/2014,"21,060.00",97.49,"1,240.10"
2/2/2014,"21,105.00",99.88,"1,263.30"
9/2/2014,"21,100.00",100.3,"1,319.00"
16/02/2014,"21,105.00",102.2,"1,323.90"
23/02/2014,"21,100.00",102.59,"1,321.40"
2/3/2014,"21,100.00",102.58,"1,338.10"
9/3/2014,"21,100.00",98.89,"1,379.00"
16/03/2014,"21,097.50",99.46,"1,336.00"
23/03/2014,"21,107.50",101.67,"1,293.80"
30/03/2014,"21,092.50",101.14,"1,303.20"
6/4/2014,"21,097.20",103.74,"1,318.70"
13/04/2014,"21,097.50",104.3,"1,293.40"
20/04/2014,"21,100.00",100.6,"1,300.70"
27/04/2014,"21,082.50",99.76,"1,302.60"
4/5/2014,"21,100.00",99.99,"1,287.30"
11/5/2014,"21,165.00",102.02,"1,293.30"
18/05/2014,"21,147.50",104.35,"1,291.60"
25/05/2014,"21,157.50",102.71,"1,245.60"
1/6/2014,"21,185.00",102.66,"1,252.10"
8/6/2014,"21,222.50",106.91,"1,273.70"
15/06/2014,"21,310.00",107.26,"1,316.20"
22/06/2014,"21,330.00",105.74,"1,319.00"
29/06/2014,"21,290.00",104.06,"1,320.40"
6/7/2014,"21,200.00",100.83,"1,337.00"
13/07/2014,"21,215.00",103.13,"1,309.20"
20/07/2014,"21,227.50",102.09,"1,303.10"
27/07/2014,"21,214.00",97.88,"1,293.60"
3/8/2014,"21,220.00",97.65,"1,308.90"
10/8/2014,"21,200.00",97.35,"1,304.50"
17/08/2014,"21,197.50",93.65,"1,278.60"
24/08/2014,"21,195.00",95.96,"1,285.80"
31/08/2014,"21,195.00",93.29,"1,265.80"
7/9/2014,"21,197.50",92.27,"1,229.90"
14/09/2014,"21,205.00",92.41,"1,215.30"
21/09/2014,"21,217.50",93.54,"1,214.10"
28/09/2014,"21,247.50",89.74,"1,192.20"
5/10/2014,"21,222.50",85.82,"1,221.00"
12/10/2014,"21,245.00",82.75,"1,238.30"
19/10/2014,"21,275.00",81.01,"1,231.20"
26/10/2014,"21,280.00",80.54,"1,171.10"
2/11/2014,"21,295.00",78.65,"1,169.60"
9/11/2014,"21,325.00",75.82,"1,185.00"
16/11/2014,"21,375.00",76.51,"1,197.50"
23/11/2014,"21,352.50",66.15,"1,175.20"
30/11/2014,"21,335.00",65.84,"1,190.10"
7/12/2014,"21,387.50",57.81,"1,222.00"
14/12/2014,"21,375.00",56.52,"1,195.90"
21/12/2014,"21,387.50",54.73,"1,195.30"
28/12/2014,"21,387.50",52.69,"1,337.70"
4/1/2015,"21,370.00",48.36,"1,357.40"
11/1/2015,"21,340.00",48.69,"1,404.90"
18/01/2015,"21,350.00",45.59,"1,417.60"
25/01/2015,"21,317.00",48.24,"1,384.60"
1/2/2015,"21,282.00",51.69,"1,332.60"
8/2/2015,"21,330.00",52.78,"1,325.20"
15/02/2015,"21,330.00",50.34,"1,303.20"
22/02/2015,"21,347.50",49.76,"1,309.40"
1/3/2015,"21,350.00",49.61,"1,265.60"
8/3/2015,"21,390.00",44.84,"1,248.90"
15/03/2015,"21,495.00",45.72,"1,274.70"
22/03/2015,"21,535.00",48.87,"1,291.90"
29/03/2015,"21,595.00",49.14,"1,288.20"
5/4/2015,"21,605.00",51.64,"1,293.30"
12/4/2015,"21,590.00",55.74,"1,288.10"
19/04/2015,"21,595.00",57.15,"1,260.40"
26/04/2015,"21,590.00",59.15,"1,266.10"
3/5/2015,"21,680.00",59.39,"1,282.50"
10/5/2015,"21,765.00",59.69,"1,318.90"
17/05/2015,"21,805.00",59.72,"1,299.70"
24/05/2015,"21,815.00",60.3,"1,280.70"
31/05/2015,"21,812.50",59.13,"1,266.60"
7/6/2015,"21,800.00",59.96,"1,281.00"
14/06/2015,"21,805.00",59.61,"1,299.40"
21/06/2015,"21,838.50",59.63,"1,273.10"
28/06/2015,"21,805.00",56.93,"1,261.50"
5/7/2015,"21,810.00",52.74,"1,256.60"
12/7/2015,"21,818.00",50.89,"1,230.70"
19/07/2015,"21,825.00",48.14,"1,180.00"
26/07/2015,"21,818.00",47.12,"1,183.10"
2/8/2015,"21,815.00",43.87,"1,185.80"
9/8/2015,"22,103.00",42.5,"1,202.30"
16/08/2015,"22,518.50",40.45,"1,246.80"
23/08/2015,"22,462.50",45.22,"1,218.40"
30/08/2015,"22,472.50",46.05,"1,200.50"
6/9/2015,"22,544.50",44.63,"1,181.90"
13/09/2015,"22,509.50",44.68,"1,214.10"
20/09/2015,"22,519.00",45.7,"1,218.80"
27/09/2015,"22,477.50",45.54,"1,204.20"
4/10/2015,"22,238.50",49.63,"1,222.40"
11/10/2015,"22,281.00",47.26,"1,246.60"
18/10/2015,"22,395.00",44.6,"1,218.70"
25/10/2015,"22,335.50",46.59,"1,195.20"
1/11/2015,"22,364.00",44.29,"1,147.90"
8/11/2015,"22,417.50",40.74,"1,141.30"
15/11/2015,"22,472.50",40.39,"1,133.80"
22/11/2015,"22,485.00",41.71,"1,114.50"
29/11/2015,"22,480.00",39.97,"1,143.20"
6/12/2015,"22,500.00",35.62,"1,133.80"
13/12/2015,"22,523.50",34.73,"1,123.30"
20/12/2015,"22,543.50",38.1,"1,135.90"
27/12/2015,"22,485.00",37.04,"1,121.00"
3/1/2016,"22,465.00",33.16,"1,151.70"
10/1/2016,"22,416.50",29.42,"1,137.50"
17/01/2016,"22,455.00",32.19,"1,142.60"
24/01/2016,"22,241.00",33.62,"1,161.90"
31/01/2016,"22,286.00",30.89,"1,198.00"
7/2/2016,"22,308.00",29.44,"1,271.20"
14/02/2016,"22,348.50",29.64,"1,267.40"
21/02/2016,"22,317.50",32.78,"1,258.80"
28/02/2016,"22,277.50",35.92,"1,315.60"
6/3/2016,"22,281.50",38.5,"1,308.60"
13/03/2016,"22,303.00",39.44,"1,302.00"
20/03/2016,"22,302.50",39.46,"1,272.40"
27/03/2016,"22,329.00",36.79,"1,268.90"
3/4/2016,"22,294.50",39.72,"1,287.30"
10/4/2016,"22,339.00",40.36,"1,279.70"
17/04/2016,"22,279.00",43.73,"1,278.80"
24/04/2016,"22,288.00",45.92,"1,341.40"
1/5/2016,"22,272.50",44.66,"1,340.10"
8/5/2016,"22,317.50",46.21,"1,319.50"
15/05/2016,"22,317.50",47.75,"1,305.90"
22/05/2016,"22,383.00",49.33,"1,267.60"
29/05/2016,"22,434.00",48.62,"1,294.60"
5/6/2016,"22,335.00",49.07,"1,327.70"
12/6/2016,"22,404.00",47.98,"1,342.90"
19/06/2016,"22,331.00",47.64,"1,376.80"
26/06/2016,"22,322.50",48.99,"1,394.30"
3/7/2016,"22,290.50",45.41,"1,412.00"
10/7/2016,"22,314.00",45.95,"1,383.50"
17/07/2016,"22,295.00",44.19,"1,385.50"
24/07/2016,"22,299.50",41.6,"1,415.70"
31/07/2016,"22,302.50",41.8,"1,407.90"
7/8/2016,"22,301.00",44.49,"1,406.80"
14/08/2016,"22,293.50",48.52,"1,408.00"
21/08/2016,"22,320.00",47.64,"1,383.20"
28/08/2016,"22,283.50",44.44,"1,385.30"
4/9/2016,"22,300.50",45.88,"1,393.10"
11/9/2016,"22,319.00",43.03,"1,367.10"
18/09/2016,"22,301.50",44.48,"1,396.00"
25/09/2016,"22,295.50",48.24,"1,370.40"
2/10/2016,"22,296.00",49.81,"1,304.50"
9/10/2016,"22,301.50",50.35,"1,310.40"
16/10/2016,"22,314.00",50.85,"1,323.00"
23/10/2016,"22,318.50",48.7,"1,337.10"
30/10/2016,"22,316.50",44.07,"1,365.70"
6/11/2016,"22,330.00",43.41,"1,282.70"
13/11/2016,"22,490.00",45.69,"1,276.40"
20/11/2016,"22,748.50",46.06,"1,245.50"
27/11/2016,"22,695.00",51.68,"1,242.40"
4/12/2016,"22,592.50",51.5,"1,236.00"
11/12/2016,"22,750.00",51.9,"1,220.90"
18/12/2016,"22,759.50",53.02,"1,216.80"
25/12/2016,"22,771.00",53.72,"1,234.50"
1/1/2017,"22,562.50",53.99,"1,255.70"
8/1/2017,"22,570.00",52.37,"1,281.30"
15/01/2017,"22,571.00",52.42,"1,289.20"
22/01/2017,"22,592.50",53.17,"1,271.70"
29/01/2017,"22,625.00",53.83,"1,302.20"
5/2/2017,"22,645.00",53.86,"1,314.50"
12/2/2017,"22,795.00",53.4,"1,319.40"
19/02/2017,"22,816.00",53.99,"1,338.40"
26/02/2017,"22,842.50",53.33,"1,308.80"
5/3/2017,"22,800.00",48.49,"1,284.00"
12/3/2017,"22,783.50",48.78,"1,313.60"
19/03/2017,"22,787.50",47.97,"1,330.40"
26/03/2017,"22,755.00",50.6,"1,329.80"
2/4/2017,"22,680.00",52.24,"1,336.80"
9/4/2017,"22,787.50",53.18,"1,366.70"
16/04/2017,"22,722.50",49.62,"1,367.00"
23/04/2017,"22,743.50",49.33,"1,347.10"
30/04/2017,"22,732.50",46.22,"1,305.80"
7/5/2017,"22,691.00",47.84,"1,305.70"
14/05/2017,"22,650.00",50.33,"1,329.90"
21/05/2017,"22,725.00",49.8,"1,344.80"
28/05/2017,"22,715.00",47.66,"1,353.10"
4/6/2017,"22,687.50",45.83,"1,343.90"
11/6/2017,"22,690.00",44.74,"1,328.50"
18/06/2017,"22,725.00",43.01,"1,327.70"
25/06/2017,"22,725.00",46.04,"1,314.00"
2/7/2017,"22,725.00",44.23,"1,282.40"
9/7/2017,"22,725.00",46.54,"1,298.80"
16/07/2017,"22,725.00",45.77,"1,325.90"
23/07/2017,"22,728.50",49.71,"1,342.60"
30/07/2017,"22,735.00",49.58,"1,331.70"
6/8/2017,"22,727.50",48.82,"1,361.40"
13/08/2017,"22,728.50",48.51,"1,358.80"
20/08/2017,"22,732.50",47.87,"1,364.80"
27/08/2017,"22,730.00",47.29,"1,397.10"
3/9/2017,"22,726.00",47.48,"1,419.30"
10/9/2017,"22,725.00",49.89,"1,395.10"
17/09/2017,"22,725.00",50.66,"1,369.40"
24/09/2017,"22,730.00",51.67,"1,357.60"
1/10/2017,"22,725.00",49.29,"1,350.00"
8/10/2017,"22,720.00",51.45,"1,380.40"
15/10/2017,"22,718.50",51.47,"1,356.20"
22/10/2017,"22,710.00",53.9,"1,349.10"
29/10/2017,"22,712.50",55.64,"1,346.90"
5/11/2017,"22,713.50",56.74,"1,354.50"
12/11/2017,"22,712.50",56.55,"1,378.00"
19/11/2017,"22,725.00",58.95,"1,371.60"
26/11/2017,"22,712.50",58.36,"1,362.80"
3/12/2017,"22,710.50",57.36,"1,328.10"
10/12/2017,"22,712.50",57.3,"1,337.40"
17/12/2017,"22,713.50",58.47,"1,359.80"
24/12/2017,"22,710.00",60.42,"1,391.90"
31/12/2017,"22,709.50",61.44,"1,408.30"
7/1/2018,"22,709.50",64.3,"1,425.70"
14/01/2018,"22,712.50",63.37,"1,425.90"
21/01/2018,"22,710.50",66.14,"1,453.70"
28/01/2018,"22,709.50",65.45,"1,434.60"
4/2/2018,"22,702.50",59.2,"1,410.10"
11/2/2018,"22,707.50",61.68,"1,452.80"
18/02/2018,"22,740.50",63.55,"1,429.00"
25/02/2018,"22,761.00",61.25,"1,424.20"
4/3/2018,"22,761.00",62.04,"1,428.00"
11/3/2018,"22,764.50",62.34,"1,416.30"
18/03/2018,"22,803.00",65.88,"1,455.00"
25/03/2018,"22,794.00",64.94,"1,426.00"
1/4/2018,"22,802.50",62.06,"1,435.90"
8/4/2018,"22,786.50",67.39,"1,447.90"
15/04/2018,"22,772.00",68.38,"1,438.20"
22/04/2018,"22,763.50",68.1,"1,423.60"
29/04/2018,"22,768.50",69.72,"1,414.70"
6/5/2018,"22,770.00",70.7,"1,420.40"
13/05/2018,"22,785.50",71.28,"1,391.30"
20/05/2018,"22,770.00",67.88,"1,403.20"
27/05/2018,"22,797.00",65.81,"1,390.10"
3/6/2018,"22,793.00",65.74,"1,394.80"
10/6/2018,"22,816.00",65.06,"1,369.70"
17/06/2018,"22,892.50",68.58,"1,361.70"
24/06/2018,"22,958.50",74.15,"1,343.70"
1/7/2018,"23,036.50",73.8,"1,344.60"
8/7/2018,"23,051.00",71.01,"1,329.00"
15/07/2018,"23,054.00",70.46,"1,316.80"
22/07/2018,"23,232.50",68.69,"1,309.00"
29/07/2018,"23,306.00",68.49,"1,299.40"
5/8/2018,"23,277.00",67.63,"1,294.60"
12/8/2018,"23,294.00",65.91,"1,258.10"
19/08/2018,"23,302.50",68.72,"1,285.00"
26/08/2018,"23,304.00",69.8,"1,277.70"
2/9/2018,"23,303.00",67.75,"1,272.10"
9/9/2018,"23,248.50",68.99,"1,273.80"
16/09/2018,"23,333.50",70.78,"1,274.30"
23/09/2018,"23,327.50",73.25,"1,268.70"
30/09/2018,"23,331.50",74.34,"1,280.20"
7/10/2018,"23,345.50",71.34,"1,296.30"
14/10/2018,"23,351.50",69.12,"1,303.80"
21/10/2018,"23,356.00",67.59,"1,309.70"
28/10/2018,"23,331.50",63.14,"1,307.30"
4/11/2018,"23,295.00",60.19,"1,282.20"
11/11/2018,"23,307.00",56.46,"1,294.90"
18/11/2018,"23,362.50",50.42,"1,296.10"
25/11/2018,"23,317.50",50.93,"1,292.70"
2/12/2018,"23,312.50",52.61,"1,319.50"
9/12/2018,"23,288.00",51.2,"1,307.00"
16/12/2018,"23,283.50",45.59,"1,323.10"
23/12/2018,"23,195.00",45.33,"1,348.30"
30/12/2018,"23,199.00",47.96,"1,351.00"
6/1/2019,"23,199.00",51.59,"1,355.40"
13/01/2019,"23,199.50",53.8,"1,348.10"
20/01/2019,"23,194.50",53.69,"1,364.00"
27/01/2019,"23,207.50",55.26,"1,381.10"
3/2/2019,"23,207.50",52.72,"1,377.80"
10/2/2019,"23,201.50",55.59,"1,381.20"
17/02/2019,"23,210.00",57.26,"1,392.50"
24/02/2019,"23,203.00",55.8,"1,358.30"
3/3/2019,"23,199.50",56.07,"1,358.50"
10/3/2019,"23,199.00",58.52,"1,360.60"
17/03/2019,"23,201.50",59.04,"1,369.30"
24/03/2019,"23,204.00",60.14,"1,346.00"
31/03/2019,"23,200.00",63.08,"1,345.20"
7/4/2019,"23,199.50",63.89,"1,346.30"
14/04/2019,"23,212.50",64,"1,326.90"
21/04/2019,"23,290.00",63.3,"1,339.20"
28/04/2019,"23,252.50",61.94,"1,331.70"
5/5/2019,"23,347.50",61.66,"1,337.20"
12/5/2019,"23,392.00",62.76,"1,322.50"
19/05/2019,"23,390.00",58.63,"1,330.10"
26/05/2019,"23,412.50",53.5,"1,349.60"
2/6/2019,"23,396.00",53.99,"1,381.90"
9/6/2019,"23,335.00",52.51,"1,381.50"
16/06/2019,"23,290.00",57.43,"1,432.70"
23/06/2019,"23,305.00",58.47,"1,446.80"
30/06/2019,"23,237.50",57.51,"1,436.60"
7/7/2019,"23,205.00",60.21,"1,450.90"
14/07/2019,"23,247.00",55.63,"1,465.50"
21/07/2019,"23,211.50",56.2,"1,460.40"
28/07/2019,"23,220.00",55.66,"1,485.30"
4/8/2019,"23,205.00",54.5,"1,534.50"
11/8/2019,"23,212.00",54.87,"1,549.20"
18/08/2019,"23,199.00",54.17,"1,563.50"
25/08/2019,"23,186.00",55.1,"1,557.20"
1/9/2019,"23,199.00",56.52,"1,543.30"
8/9/2019,"23,207.50",54.85,"1,530.70"
15/09/2019,"23,205.00",58.09,"1,545.30"
22/09/2019,"23,205.00",55.91,"1,548.30"
29/09/2019,"23,201.00",52.81,"1,551.90"
6/10/2019,"23,205.00",54.7,"1,529.80"
13/10/2019,"23,204.00",53.78,"1,535.00"
20/10/2019,"23,200.50",56.66,"1,547.70"
27/10/2019,"23,202.00",56.2,"1,554.40"
3/11/2019,"23,199.00",57.24,"1,510.40"
10/11/2019,"23,205.00",57.72,"1,513.60"
17/11/2019,"23,196.00",57.77,"1,508.00"
24/11/2019,"23,180.00",55.17,"1,510.70"
1/12/2019,"23,177.50",59.2,"1,504.20"
8/12/2019,"23,174.00",60.07,"1,523.00"
15/12/2019,"23,176.00",60.44,"1,523.10"
22/12/2019,"23,172.00",61.72,"1,561.20"
29/12/2019,"23,172.00",63.05,"1,596.40"
5/1/2020,"23,177.00",59.04,"1,603.30"
12/1/2020,"23,174.00",58.54,"1,603.40"
19/01/2020,"23,170.50",54.19,"1,615.40"
26/01/2020,"23,223.00",51.56,"1,626.10"
2/2/2020,"23,232.50",50.32,"1,612.80"
9/2/2020,"23,246.00",52.05,"1,624.10"
16/02/2020,"23,243.50",53.38,"1,686.30"
23/02/2020,"23,241.00",44.76,"1,596.60"
1/3/2020,"23,207.50",41.28,"1,691.60"
8/3/2020,"23,211.00",31.73,"1,532.20"
15/03/2020,"23,460.00",22.43,"1,501.40"
22/03/2020,"23,622.50",21.51,"1,661.00"
29/03/2020,"23,565.00",28.34,"1,654.10"
5/4/2020,"23,437.50",22.76,"1,758.70"
12/4/2020,"23,425.00",18.27,"1,708.90"
19/04/2020,"23,510.00",16.94,"1,748.90"
26/04/2020,"23,429.00",19.78,"1,721.10"
3/5/2020,"23,378.50",24.74,"1,750.30"
10/5/2020,"23,357.50",29.43,"1,790.40"
17/05/2020,"23,269.50",33.25,"1,774.90"
24/05/2020,"23,281.50",35.49,"1,776.80"
31/05/2020,"23,260.00",39.55,"1,720.00"
7/6/2020,"23,207.00",36.26,"1,771.80"
14/06/2020,"23,220.00",39.75,"1,785.80"
21/06/2020,"23,211.00",38.49,"1,814.40"
28/06/2020,"23,201.00",40.65,"1,828.30"
5/7/2020,"23,181.00",40.55,"1,858.10"
12/7/2020,"23,192.00",40.59,"1,861.00"
19/07/2020,"23,180.00",41.29,"1,965.70"
26/07/2020,"23,170.00",40.27,"2,026.90"
2/8/2020,"23,173.00",41.22,"2,073.00"
9/8/2020,"23,174.00",42.01,"1,987.80"
16/08/2020,"23,175.00",42.34,"1,980.60"
23/08/2020,"23,174.00",42.97,"2,001.30"
30/08/2020,"23,178.00",39.77,"1,961.60"
6/9/2020,"23,174.00",37.33,"1,976.50"
13/09/2020,"23,170.00",41.11,"1,990.50"
20/09/2020,"23,191.00",40.25,"1,892.90"
27/09/2020,"23,191.00",37.05,"1,934.40"
4/10/2020,"23,180.00",40.6,"1,956.00"
11/10/2020,"23,175.00",40.88,"1,936.40"
18/10/2020,"23,176.00",39.85,"1,935.10"
25/10/2020,"23,180.00",35.79,"1,908.30"
1/11/2020,"23,176.00",37.14,"1,982.20"
8/11/2020,"23,175.00",40.13,"1,915.90"
15/11/2020,"23,176.00",42.15,"1,896.30"
22/11/2020,"23,160.00",45.53,"1,804.80"
29/11/2020,"23,130.00",46.26,"1,855.60"
6/12/2020,"23,128.00",46.57,"1,858.70"
13/12/2020,"23,124.00",49.1,"1,903.90"
20/12/2020,"23,130.00",48.23,"1,900.00"
27/12/2020,"23,070.00",48.52,"1,914.00"
3/1/2021,"23,066.00",52.24,"1,854.20"
10/1/2021,"23,065.00",52.36,"1,846.40"
17/01/2021,"23,070.00",52.27,"1,870.20"
24/01/2021,"23,048.00",52.2,"1,859.50"
31/01/2021,"23,000.00",56.85,"1,823.90"
7/2/2021,"23,010.00",59.47,"1,832.50"
14/02/2021,"23,018.00",59.24,"1,786.20"
21/02/2021,"23,015.00",61.5,"1,740.90"
28/02/2021,"23,033.00",66.09,"1,711.20"
7/3/2021,"23,055.00",65.61,"1,729.30"
14/03/2021,"23,073.00",61.42,"1,751.00"
21/03/2021,"23,084.00",60.97,"1,741.60"
28/03/2021,"23,073.00",61.45,"1,735.20"
4/4/2021,"23,065.00",59.32,"1,752.50"
11/4/2021,"23,067.00",63.13,"1,788.10"
18/04/2021,"23,070.00",62.14,"1,785.60"
25/04/2021,"23,054.00",63.58,"1,775.70"
2/5/2021,"23,060.00",64.9,"1,839.20"
9/5/2021,"23,048.00",65.37,"1,846.10"
16/05/2021,"23,054.00",63.58,"1,884.50"
23/05/2021,"23,045.00",66.32,"1,911.00"
30/05/2021,"23,044.00",69.62,"1,897.70"
6/6/2021,"22,945.00",70.91,"1,885.50"
13/06/2021,"22,995.00",71.64,"1,774.80"
20/06/2021,"23,020.00",74.05,"1,784.00"
27/06/2021,"22,998.00",75.16,"1,789.30"
7/4/2021,"23,000.00",74.56,"1,816.70"
7/11/2021,"23,011.00",71.81,"1,821.10"
7/18/2021,"23,005.00",72.07,"1,807.50"
7/25/2021,"22,950.00",73.95,"1,819.10"
8/1/2021,"22,927.00",68.28,"1,765.10"
8/8/2021,"22,830.00",68.44,"1,780.30"
8/15/2021,"22,820.00",62.32,"1,786.00"
8/22/2021,"22,789.00",68.74,"1,821.50"
8/29/2021,"22,760.00",69.29,"1,835.70"
9/5/2021,"22,757.00",69.72,"1,794.20"
9/12/2021,"22,770.00",71.97,"1,753.40"
9/19/2021,"22,760.00",73.98,"1,753.80"
9/26/2021,"22,757.00",75.88,"1,760.10"
10/3/2021,"22,757.00",79.35,"1,759.40"
10/10/2021,"22,758.00",82.28,"1,770.20"
10/17/2021,"22,754.00",83.76,"1,798.30"
10/24/2021,"22,750.00",83.57,"1,785.90"
10/31/2021,"22,680.00",81.27,"1,819.00"
11/7/2021,"22,640.00",80.79,"1,870.80"
11/14/2021,"22,657.00",76.1,"1,854.30"
11/21/2021,"22,678.00",68.15,"1,788.10"
11/28/2021,"22,830.00",66.26,"1,783.90"
12/5/2021,"23,025.00",71.67,"1,784.80"
12/12/2021,"22,980.00",70.86,"1,804.90"
12/19/2021,"22,840.00",73.79,"1,811.70"
12/26/2021,"22,825.00",75.21,"1,828.60"
1/2/2022,"22,685.00",78.9,"1,797.40"
1/9/2022,"22,710.00",83.82,"1,816.50"
1/16/2022,"22,625.00",85.14,"1,831.80"
1/23/2022,"22,645.00",86.82,"1,784.90"
1/30/2022,"22,650.00",92.31,"1,807.80"
2/6/2022,"22,685.00",93.1,"1,842.10"
2/13/2022,"22,820.00",91.07,"1,899.80"
2/20/2022,"22,820.00",91.59,"1,887.60"
2/27/2022,"22,830.00",115.68,"1,966.60"
3/6/2022,"22,873.00",109.33,"1,985.00"
3/13/2022,"22,860.00",104.7,"1,929.30"
3/20/2022,"22,861.00",113.9,"1,954.20"
3/27/2022,"22,837.00",99.27,"1,919.10"
4/3/2022,"22,860.00",98.26,"1,941.60"
4/10/2022,"22,899.00",106.95,"1,974.90"
4/17/2022,"22,965.00",102.07,"1,934.30"
4/24/2022,"22,962.00",104.69,"1,911.70"
5/1/2022,"22,955.00",109.77,"1,883.50"
5/8/2022,"23,086.00",110.49,"1,808.20"
5/15/2022,"23,160.00",113.23,"1,842.10"
5/22/2022,"23,195.00",115.07,"1,851.30"
5/29/2022,"23,187.00",118.87,"1,850.20"
6/5/2022,"23,177.00",120.67,"1,875.50"
6/12/2022,"23,220.00",109.56,"1,840.60"
6/19/2022,"23,247.00",107.62,"1,830.30"
6/26/2022,"23,300.00",108.43,"1,801.50"
7/3/2022,"23,355.00",104.79,"1,742.30"
7/10/2022,"23,450.00",97.59,"1,703.60"
7/17/2022,"23,400.00",95.13,"1,727.40"
7/18/2022,"23,355.00",98.06,"1,723.40"
